<?xml version="1.0" encoding="UTF-8"?>
<styleSheet xmlns="http://schemas.openxmlformats.org/spreadsheetml/2006/main">
  <fonts count="1">
    <font>
      <b val="0"/>
      <i val="0"/>
      <u val="none"/>
      <color rgb="FF000000"/>
      <name val="Sans"/>
      <vertAlign val="baseline"/>
      <sz val="10"/>
      <strike val="0"/>
    </font>
  </fonts>
  <fills count="2">
    <fill>
      <patternFill patternType="none"/>
    </fill>
    <fill>
      <patternFill patternType="gray125"/>
    </fill>
  </fills>
  <borders count="1">
    <border diagonalUp="0" diagonalDown="0">
      <start style="none">
        <color rgb="FFC7C7C7"/>
      </start>
      <end style="none">
        <color rgb="FFC7C7C7"/>
      </end>
      <top style="none">
        <color rgb="FFC7C7C7"/>
      </top>
      <bottom style="none">
        <color rgb="FFC7C7C7"/>
      </bottom>
    </border>
  </borders>
  <cellStyleXfs count="1">
    <xf fontId="0" fillId="0" borderId="0" numFmtId="0">
      <alignment horizontal="general" vertical="bottom" wrapText="0" shrinkToFit="0" textRotation="0" indent="0"/>
    </xf>
  </cellStyleXfs>
  <cellXfs count="1">
    <xf applyAlignment="1" applyBorder="1" applyFont="1" applyFill="1" applyNumberFormat="1" fontId="0" fillId="0" borderId="0" numFmtId="0" xfId="0">
      <alignment horizontal="general" vertical="bottom" wrapText="0" shrinkToFit="0" textRotation="0" indent="0"/>
    </xf>
  </cellXfs>
</styleSheet>
