<?xml version="1.0" encoding="UTF-8"?>
<workbook xmlns="http://schemas.openxmlformats.org/spreadsheetml/2006/main" xmlns:r="http://schemas.openxmlformats.org/officeDocument/2006/relationships">
  <fileVersion lastEdited="4" lowestEdited="4" rupBuild="3820"/>
  <workbookPr date1904="0"/>
  <bookViews>
    <workbookView activeTab="0" windowWidth="7680" windowHeight="3630"/>
  </bookViews>
  <sheets>
    <sheet name="Hoja1" sheetId="1" r:id="rId1"/>
    <sheet name="Hoja2" sheetId="2" r:id="rId2"/>
    <sheet name="Hoja3" sheetId="3" r:id="rId3"/>
  </sheets>
  <definedNames>
    <definedName name="_xlnm.Print_Area" localSheetId="0">#REF!</definedName>
    <definedName name="_xlnm.Sheet_Title" localSheetId="0">&quot;Hoja1&quot;</definedName>
    <definedName name="_xlnm.Print_Area" localSheetId="1">#REF!</definedName>
    <definedName name="_xlnm.Sheet_Title" localSheetId="1">&quot;Hoja2&quot;</definedName>
    <definedName name="_xlnm.Print_Area" localSheetId="2">#REF!</definedName>
    <definedName name="_xlnm.Sheet_Title" localSheetId="2">&quot;Hoja3&quot;</definedName>
  </definedNames>
  <calcPr calcMode="auto" iterate="1" iterateCount="100" iterateDelta="0.001"/>
  <webPublishing allowPng="1" css="0" characterSet="UTF-8"/>
</workbook>
