<?xml version="1.0" encoding="UTF-8"?>

<office:document-content xmlns:office="urn:oasis:names:tc:opendocument:xmlns:office:1.0" xmlns:style="urn:oasis:names:tc:opendocument:xmlns:style:1.0" xmlns:text="urn:oasis:names:tc:opendocument:xmlns:text:1.0" xmlns:table="urn:oasis:names:tc:opendocument:xmlns:table:1.0" xmlns:draw="urn:oasis:names:tc:opendocument:xmlns:drawing:1.0" xmlns:fo="urn:oasis:names:tc:opendocument:xmlns:xsl-fo-compatible:1.0" xmlns:xlink="http://www.w3.org/1999/xlink" xmlns:dc="http://purl.org/dc/elements/1.1/" xmlns:meta="urn:oasis:names:tc:opendocument:xmlns:meta:1.0" xmlns:number="urn:oasis:names:tc:opendocument:xmlns:datastyle:1.0" xmlns:svg="urn:oasis:names:tc:opendocument:xmlns:svg-compatible:1.0" xmlns:chart="urn:oasis:names:tc:opendocument:xmlns:chart:1.0" xmlns:dr3d="urn:oasis:names:tc:opendocument:xmlns:dr3d:1.0" xmlns:config="urn:oasis:names:tc:opendocument:xmlns:config:1.0" xmlns:math="http://www.w3.org/1998/Math/MathML" xmlns:form="urn:oasis:names:tc:opendocument:xmlns:form:1.0" xmlns:script="urn:oasis:names:tc:opendocument:xmlns:script:1.0" xmlns:ooo="http://openoffice.org/2004/office" xmlns:ooow="http://openoffice.org/2004/writer" xmlns:oooc="http://openoffice.org/2004/calc" xmlns:tableooo="http://openoffice.org/2009/table" xmlns:of="urn:oasis:names:tc:opendocument:xmlns:of:1.2" xmlns:dom="http://www.w3.org/2001/xml-events" xmlns:xforms="http://www.w3.org/2002/xforms" xmlns:xsd="http://www.w3.org/2001/XMLSchema" xmlns:xsi="http://www.w3.org/2001/XMLSchema-instance" xmlns:gnm="http://www.gnumeric.org/odf-extension/1.0" xmlns:css3t="http://www.w3.org/TR/css3-text/" xmlns:loext="urn:org:documentfoundation:names:experimental:office:xmlns:loext:1.0" xmlns:calcext="urn:org:documentfoundation:names:experimental:calc:xmlns:calcext:1.0" office:version="1.2">
  <office:scripts/>
  <office:font-face-decls/>
  <office:automatic-styles>
    <style:style style:name="ta-0" style:family="table" style:master-page-name="ta-mp-0">
      <style:table-properties table:display="true" style:writing-mode="lr-tb" gnm:display-formulas="false" gnm:display-col-header="true" gnm:display-row-header="true"/>
    </style:style>
    <style:style style:name="AC-weight100" style:family="text">
      <style:text-properties fo:font-weight="100"/>
    </style:style>
    <style:style style:name="AC-weight200" style:family="text">
      <style:text-properties fo:font-weight="200"/>
    </style:style>
    <style:style style:name="AC-weight300" style:family="text">
      <style:text-properties fo:font-weight="300"/>
    </style:style>
    <style:style style:name="AC-weight400" style:family="text">
      <style:text-properties fo:font-weight="normal"/>
    </style:style>
    <style:style style:name="AC-weight500" style:family="text">
      <style:text-properties fo:font-weight="500"/>
    </style:style>
    <style:style style:name="AC-weight600" style:family="text">
      <style:text-properties fo:font-weight="600"/>
    </style:style>
    <style:style style:name="AC-weight700" style:family="text">
      <style:text-properties fo:font-weight="bold"/>
    </style:style>
    <style:style style:name="AC-weight800" style:family="text">
      <style:text-properties fo:font-weight="800"/>
    </style:style>
    <style:style style:name="AC-weight900" style:family="text">
      <style:text-properties fo:font-weight="900"/>
    </style:style>
    <style:style style:name="AC-weight1000" style:family="text">
      <style:text-properties fo:font-weight="900"/>
    </style:style>
    <style:style style:name="AC-italic" style:family="text">
      <style:text-properties fo:font-style="italic"/>
    </style:style>
    <style:style style:name="AC-roman" style:family="text">
      <style:text-properties fo:font-style="normal"/>
    </style:style>
    <style:style style:name="AC-subscript" style:family="text">
      <style:text-properties style:text-position="sub 83%"/>
    </style:style>
    <style:style style:name="AC-superscript" style:family="text">
      <style:text-properties style:text-position="super 83%"/>
    </style:style>
    <style:style style:name="AC-script" style:family="text">
      <style:text-properties style:text-position="0% 100%"/>
    </style:style>
    <style:style style:name="AC-strikethrough-solid" style:family="text">
      <style:text-properties style:text-line-through-type="single" style:text-line-through-style="solid"/>
    </style:style>
    <style:style style:name="AC-strikethrough-none" style:family="text">
      <style:text-properties style:text-line-through-type="none" style:text-line-through-style="none"/>
    </style:style>
    <style:style style:name="AC-underline-none" style:family="text">
      <style:text-properties style:text-underline-type="none" style:text-underline-style="none" style:text-underline-width="auto"/>
    </style:style>
    <style:style style:name="AC-underline-single" style:family="text">
      <style:text-properties style:text-underline-type="single" style:text-underline-style="solid" style:text-underline-width="auto"/>
    </style:style>
    <style:style style:name="AC-underline-double" style:family="text">
      <style:text-properties style:text-underline-type="double" style:text-underline-style="solid" style:text-underline-width="auto"/>
    </style:style>
    <style:style style:name="AC-underline-low" style:family="text">
      <style:text-properties style:text-underline-type="single" style:text-underline-style="solid" style:text-underline-width="bold"/>
    </style:style>
    <style:style style:name="AC-underline-error" style:family="text">
      <style:text-properties style:text-underline-type="single" style:text-underline-style="wave" style:text-underline-width="auto"/>
    </style:style>
    <style:style style:name="AROW-0" style:family="table-row">
      <style:table-row-properties style:row-height="12.75pt" style:use-optimal-row-height="true"/>
    </style:style>
    <style:style style:name="ACOL-0" style:family="table-column">
      <style:table-column-properties style:column-width="47.988pt" style:use-optimal-column-width="true"/>
    </style:style>
    <style:style style:name="ACE-0" style:family="table-cell" style:data-style-name="General">
      <style:table-cell-properties fo:background-color="transparent" gnm:background-colour="#ffffff" gnm:pattern-colour="#000000" gnm:pattern="0" fo:border-top="0.000cm none #c7c7c7" fo:border-bottom="0.000cm none #c7c7c7" fo:border-left="0.000cm none #c7c7c7" fo:border-right="0.000cm none #c7c7c7" style:diagonal-bl-tr="0.000cm none #c7c7c7" style:diagonal-tl-br="0.000cm none #c7c7c7" style:vertical-align="bottom" fo:wrap-option="no-wrap" style:shrink-to-fit="false" style:writing-mode="page" style:glyph-orientation-vertical="auto" style:cell-protect="protected" style:rotation-align="none" style:rotation-angle="0" style:print-content="true" style:decimal-places="13" style:text-align-source="value-type" style:repeat-content="false"/>
      <style:paragraph-properties style:writing-mode-automatic="true" gnm:GnmHAlign="1" fo:margin-left="0pt"/>
      <style:text-properties text:display="true" fo:font-weight="normal" fo:font-style="normal" style:text-line-through-type="none" style:text-line-through-style="none" style:text-underline-type="none" style:text-underline-style="none" style:text-underline-width="auto" style:text-underline-color="font-color" style:text-underline-mode="continuous" style:text-position="0% 100%" fo:font-size="10pt" fo:color="#000000" fo:font-family="Sans"/>
    </style:style>
    <style:style style:name="ACE-1" style:family="table-cell" style:data-style-name="General">
      <style:table-cell-properties fo:background-color="transparent" gnm:background-colour="#ffffff" gnm:pattern-colour="#000000" gnm:pattern="0" fo:border-top="0.000cm none #c7c7c7" fo:border-bottom="0.000cm none #c7c7c7" fo:border-left="0.000cm none #c7c7c7" fo:border-right="0.000cm none #c7c7c7" style:diagonal-bl-tr="0.000cm none #c7c7c7" style:diagonal-tl-br="0.000cm none #c7c7c7" style:vertical-align="bottom" fo:wrap-option="no-wrap" style:shrink-to-fit="false" style:writing-mode="page" style:glyph-orientation-vertical="auto" style:cell-protect="protected" style:rotation-align="none" style:rotation-angle="0" style:print-content="true" style:decimal-places="13" style:text-align-source="fix" style:repeat-content="false"/>
      <style:paragraph-properties style:writing-mode-automatic="true" fo:text-align="center" fo:margin-left="0pt"/>
      <style:text-properties text:display="true" fo:font-weight="normal" fo:font-style="normal" style:text-line-through-type="none" style:text-line-through-style="none" style:text-underline-type="none" style:text-underline-style="none" style:text-underline-width="auto" style:text-underline-color="font-color" style:text-underline-mode="continuous" style:text-position="0% 100%" fo:font-size="10pt" fo:color="#000000" fo:font-family="Sans"/>
    </style:style>
    <style:style style:name="ACE-2" style:family="table-cell" style:data-style-name="General">
      <style:table-cell-properties fo:background-color="transparent" gnm:background-colour="#ffffff" gnm:pattern-colour="#000000" gnm:pattern="0" fo:border-top="0.000cm none #c7c7c7" fo:border-bottom="0.000cm none #c7c7c7" fo:border-left="0.000cm none #c7c7c7" fo:border-right="0.000cm none #c7c7c7" style:diagonal-bl-tr="0.000cm none #c7c7c7" style:diagonal-tl-br="0.000cm none #c7c7c7" style:vertical-align="bottom" fo:wrap-option="no-wrap" style:shrink-to-fit="false" style:writing-mode="page" style:glyph-orientation-vertical="auto" style:cell-protect="protected" style:rotation-align="none" style:rotation-angle="0" style:print-content="true" style:decimal-places="13" style:text-align-source="value-type" style:repeat-content="false"/>
      <style:paragraph-properties style:writing-mode-automatic="true" gnm:GnmHAlign="1" fo:margin-left="0pt"/>
      <style:text-properties text:display="true" fo:font-weight="normal" fo:font-style="normal" style:text-line-through-type="none" style:text-line-through-style="none" style:text-underline-type="none" style:text-underline-style="none" style:text-underline-width="auto" style:text-underline-color="font-color" style:text-underline-mode="continuous" style:text-position="0% 100%" fo:font-size="10pt" fo:color="#000000" fo:font-family="Sans"/>
    </style:style>
    <style:style style:name="ACE-3" style:family="table-cell" style:data-style-name="ND-0">
      <style:table-cell-properties fo:background-color="transparent" gnm:background-colour="#ffffff" gnm:pattern-colour="#000000" gnm:pattern="0" fo:border-top="0.000cm none #c7c7c7" fo:border-bottom="0.000cm none #c7c7c7" fo:border-left="0.000cm none #c7c7c7" fo:border-right="0.000cm none #c7c7c7" style:diagonal-bl-tr="0.000cm none #c7c7c7" style:diagonal-tl-br="0.000cm none #c7c7c7" style:vertical-align="bottom" fo:wrap-option="no-wrap" style:shrink-to-fit="false" style:writing-mode="page" style:glyph-orientation-vertical="auto" style:cell-protect="protected" style:rotation-align="none" style:rotation-angle="0" style:print-content="true" style:decimal-places="13" style:text-align-source="value-type" style:repeat-content="false"/>
      <style:paragraph-properties style:writing-mode-automatic="true" gnm:GnmHAlign="1" fo:margin-left="0pt"/>
      <style:text-properties text:display="true" fo:font-weight="normal" fo:font-style="normal" style:text-line-through-type="none" style:text-line-through-style="none" style:text-underline-type="none" style:text-underline-style="none" style:text-underline-width="auto" style:text-underline-color="font-color" style:text-underline-mode="continuous" style:text-position="0% 100%" fo:font-size="10pt" fo:color="#000000" fo:font-family="Sans"/>
    </style:style>
    <style:style style:name="ACE-4" style:family="table-cell" style:data-style-name="ND-1">
      <style:table-cell-properties fo:background-color="transparent" gnm:background-colour="#ffffff" gnm:pattern-colour="#000000" gnm:pattern="0" fo:border-top="0.000cm none #c7c7c7" fo:border-bottom="0.000cm none #c7c7c7" fo:border-left="0.000cm none #c7c7c7" fo:border-right="0.000cm none #c7c7c7" style:diagonal-bl-tr="0.000cm none #c7c7c7" style:diagonal-tl-br="0.000cm none #c7c7c7" style:vertical-align="bottom" fo:wrap-option="no-wrap" style:shrink-to-fit="false" style:writing-mode="page" style:glyph-orientation-vertical="auto" style:cell-protect="protected" style:rotation-align="none" style:rotation-angle="0" style:print-content="true" style:decimal-places="13" style:text-align-source="value-type" style:repeat-content="false"/>
      <style:paragraph-properties style:writing-mode-automatic="true" gnm:GnmHAlign="1" fo:margin-left="0pt"/>
      <style:text-properties text:display="true" fo:font-weight="normal" fo:font-style="normal" style:text-line-through-type="none" style:text-line-through-style="none" style:text-underline-type="none" style:text-underline-style="none" style:text-underline-width="auto" style:text-underline-color="font-color" style:text-underline-mode="continuous" style:text-position="0% 100%" fo:font-size="10pt" fo:color="#000000" fo:font-family="Sans"/>
    </style:style>
    <style:style style:name="ACE-5" style:family="table-cell" style:data-style-name="ND-2">
      <style:table-cell-properties fo:background-color="transparent" gnm:background-colour="#ffffff" gnm:pattern-colour="#000000" gnm:pattern="0" fo:border-top="0.000cm none #c7c7c7" fo:border-bottom="0.000cm none #c7c7c7" fo:border-left="0.000cm none #c7c7c7" fo:border-right="0.000cm none #c7c7c7" style:diagonal-bl-tr="0.000cm none #c7c7c7" style:diagonal-tl-br="0.000cm none #c7c7c7" style:vertical-align="bottom" fo:wrap-option="no-wrap" style:shrink-to-fit="false" style:writing-mode="page" style:glyph-orientation-vertical="auto" style:cell-protect="protected" style:rotation-align="none" style:rotation-angle="0" style:print-content="true" style:decimal-places="13" style:text-align-source="value-type" style:repeat-content="false"/>
      <style:paragraph-properties style:writing-mode-automatic="true" gnm:GnmHAlign="1" fo:margin-left="0pt"/>
      <style:text-properties text:display="true" fo:font-weight="normal" fo:font-style="normal" style:text-line-through-type="none" style:text-line-through-style="none" style:text-underline-type="none" style:text-underline-style="none" style:text-underline-width="auto" style:text-underline-color="font-color" style:text-underline-mode="continuous" style:text-position="0% 100%" fo:font-size="10pt" fo:color="#000000" fo:font-family="Sans"/>
    </style:style>
    <style:style style:name="ACE-6" style:family="table-cell" style:data-style-name="ND-3">
      <style:table-cell-properties fo:background-color="transparent" gnm:background-colour="#ffffff" gnm:pattern-colour="#000000" gnm:pattern="0" fo:border-top="0.000cm none #c7c7c7" fo:border-bottom="0.000cm none #c7c7c7" fo:border-left="0.000cm none #c7c7c7" fo:border-right="0.000cm none #c7c7c7" style:diagonal-bl-tr="0.000cm none #c7c7c7" style:diagonal-tl-br="0.000cm none #c7c7c7" style:vertical-align="bottom" fo:wrap-option="no-wrap" style:shrink-to-fit="false" style:writing-mode="page" style:glyph-orientation-vertical="auto" style:cell-protect="protected" style:rotation-align="none" style:rotation-angle="0" style:print-content="true" style:decimal-places="13" style:text-align-source="value-type" style:repeat-content="false"/>
      <style:paragraph-properties style:writing-mode-automatic="true" gnm:GnmHAlign="1" fo:margin-left="0pt"/>
      <style:text-properties text:display="true" fo:font-weight="normal" fo:font-style="normal" style:text-line-through-type="none" style:text-line-through-style="none" style:text-underline-type="none" style:text-underline-style="none" style:text-underline-width="auto" style:text-underline-color="font-color" style:text-underline-mode="continuous" style:text-position="0% 100%" fo:font-size="10pt" fo:color="#000000" fo:font-family="Sans"/>
    </style:style>
    <style:style style:name="ACOL-1" style:family="table-column">
      <style:table-column-properties style:column-width="225.0144pt" style:use-optimal-column-width="true"/>
    </style:style>
    <style:style style:name="ACOL-2" style:family="table-column">
      <style:table-column-properties style:column-width="119.988pt" style:use-optimal-column-width="true"/>
    </style:style>
    <style:style style:name="ACOL-3" style:family="table-column">
      <style:table-column-properties style:column-width="207.0144pt" style:use-optimal-column-width="true"/>
    </style:style>
    <style:style style:name="ACOL-4" style:family="table-column"/>
    <style:style style:name="AROW-1" style:family="table-row">
      <style:table-row-properties style:row-height="12.815999999999999pt" style:use-optimal-row-height="true"/>
    </style:style>
    <style:style style:name="AROW-2" style:family="table-row"/>
  </office:automatic-styles>
  <office:body>
    <office:spreadsheet>
      <table:calculation-settings table:null-year="1930" table:automatic-find-labels="false" table:case-sensitive="false" table:precision-as-shown="false" table:search-criteria-must-apply-to-whole-cell="true" table:use-regular-expressions="false" table:use-wildcards="false">
        <table:null-date table:date-value="1899-12-30" table:value-type="date"/>
        <table:iteration table:maximum-difference="0.001" table:status="enable" table:steps="100"/>
      </table:calculation-settings>
      <table:table table:name="Sheet1" table:style-name="ta-0" table:print="true">
        <office:forms form:automatic-focus="false" form:apply-design-mode="false">
          <form:form/>
        </office:forms>
        <table:table-column table:style-name="ACOL-1"/>
        <table:table-column table:style-name="ACOL-2"/>
        <table:table-column table:style-name="ACOL-3" table:number-columns-repeated="2"/>
        <table:table-column table:style-name="ACOL-0" table:number-columns-repeated="124"/>
        <table:table-row table:style-name="AROW-1">
          <table:table-cell table:style-name="ACE-0" office:value-type="float" office:value="4322669"><text:p>4322669</text:p></table:table-cell>
          <table:table-cell table:style-name="ACE-0" office:value-type="float" office:value="1.1200000000000001"><text:p>1.12</text:p></table:table-cell>
          <table:table-cell table:style-name="ACE-4" office:value-type="time" office:time-value="PT012H31M00S"><text:p>12:31:00 PM</text:p></table:table-cell>
          <table:table-cell table:number-columns-repeated="125" table:style-name="ACE-0"/>
        </table:table-row>
        <table:table-row table:style-name="AROW-1">
          <table:table-cell table:style-name="ACE-0" office:value-type="string"><text:p>izquierda</text:p></table:table-cell>
          <table:table-cell table:style-name="ACE-0" office:value-type="string"><text:p>derecha</text:p></table:table-cell>
          <table:table-cell table:style-name="ACE-5" office:value-type="string"><text:p>18/04/2019</text:p></table:table-cell>
          <table:table-cell table:number-columns-repeated="125" table:style-name="ACE-0"/>
        </table:table-row>
        <table:table-row table:style-name="AROW-1">
          <table:table-cell table:style-name="ACE-1" office:value-type="string"><text:p>centro</text:p></table:table-cell>
          <table:table-cell table:style-name="ACE-3" office:value-type="float" office:value="960.13999999999999"><text:p>$960.14</text:p></table:table-cell>
          <table:table-cell table:style-name="ACE-6" office:value-type="date" office:date-value="2019-04-18"><text:p>04/18/19</text:p></table:table-cell>
          <table:table-cell table:number-columns-repeated="125" table:style-name="ACE-0"/>
        </table:table-row>
        <table:table-row table:style-name="AROW-1">
          <table:table-cell table:style-name="ACE-0" office:value-type="float" office:value="-32"><text:p>−32</text:p></table:table-cell>
          <table:table-cell table:number-columns-repeated="127" table:style-name="ACE-0"/>
        </table:table-row>
        <table:table-row table:style-name="AROW-1">
          <table:table-cell table:style-name="ACE-0" office:value-type="string"><text:p>expr</text:p></table:table-cell>
          <table:table-cell table:style-name="ACE-0" table:formula="of:=[.A1]+[.B1]" office:value-type="float" office:value="4322670.1200000001"><text:p>4322670.12</text:p></table:table-cell>
          <table:table-cell table:number-columns-repeated="126" table:style-name="ACE-0"/>
        </table:table-row>
        <table:table-row table:style-name="AROW-1">
          <table:table-cell table:style-name="ACE-0" office:value-type="string"><text:p>average</text:p></table:table-cell>
          <table:table-cell table:style-name="ACE-0" table:formula="of:=AVERAGE([.A1:.B1])" office:value-type="float" office:value="2161335.0600000001"><text:p>2161335.06</text:p></table:table-cell>
          <table:table-cell table:number-columns-repeated="126" table:style-name="ACE-0"/>
        </table:table-row>
        <table:table-row table:style-name="AROW-1">
          <table:table-cell table:style-name="ACE-0" office:value-type="string"><text:p>sum</text:p></table:table-cell>
          <table:table-cell table:style-name="ACE-0" table:formula="of:=SUM([.A1:.B1])" office:value-type="float" office:value="4322670.1200000001"><text:p>4322670.12</text:p></table:table-cell>
          <table:table-cell table:number-columns-repeated="126" table:style-name="ACE-0"/>
        </table:table-row>
        <table:table-row table:style-name="AROW-1">
          <table:table-cell table:style-name="ACE-0" office:value-type="string"><text:p>product</text:p></table:table-cell>
          <table:table-cell table:style-name="ACE-0" table:formula="of:=PRODUCT([.A1:.B1])" office:value-type="float" office:value="4841389.2800000003"><text:p>4841389.28</text:p></table:table-cell>
          <table:table-cell table:number-columns-repeated="126" table:style-name="ACE-0"/>
        </table:table-row>
        <table:table-row table:style-name="AROW-1">
          <table:table-cell table:style-name="ACE-0" office:value-type="string"><text:p>count</text:p></table:table-cell>
          <table:table-cell table:style-name="ACE-0" table:formula="of:=COUNT([.A1:.B1])" office:value-type="float" office:value="2"><text:p>2</text:p></table:table-cell>
          <table:table-cell table:number-columns-repeated="126" table:style-name="ACE-0"/>
        </table:table-row>
        <table:table-row table:style-name="AROW-1">
          <table:table-cell table:style-name="ACE-0" office:value-type="string"><text:p>min</text:p></table:table-cell>
          <table:table-cell table:style-name="ACE-0" table:formula="of:=MIN([.A1:.B1])" office:value-type="float" office:value="1.1200000000000001"><text:p>1.12</text:p></table:table-cell>
          <table:table-cell table:number-columns-repeated="126" table:style-name="ACE-0"/>
        </table:table-row>
        <table:table-row table:style-name="AROW-1">
          <table:table-cell table:style-name="ACE-0" office:value-type="string"><text:p>max</text:p></table:table-cell>
          <table:table-cell table:style-name="ACE-0" table:formula="of:=MAX([.A1:.B1])" office:value-type="float" office:value="4322669"><text:p>4322669</text:p></table:table-cell>
          <table:table-cell table:number-columns-repeated="126" table:style-name="ACE-0"/>
        </table:table-row>
        <table:table-row table:style-name="AROW-1">
          <table:table-cell table:style-name="ACE-0" office:value-type="string"><text:p>abs</text:p></table:table-cell>
          <table:table-cell table:style-name="ACE-0" table:formula="of:=ABS([.A4])" office:value-type="float" office:value="32"><text:p>32</text:p></table:table-cell>
          <table:table-cell table:number-columns-repeated="126" table:style-name="ACE-0"/>
        </table:table-row>
        <table:table-row table:style-name="AROW-1">
          <table:table-cell table:style-name="ACE-0" office:value-type="string"><text:p>stdev</text:p></table:table-cell>
          <table:table-cell table:style-name="ACE-0" table:formula="of:=STDEV([.A1:.B1])" office:value-type="float" office:value="3056587.7707652776"><text:p>3056587.770765</text:p></table:table-cell>
          <table:table-cell table:number-columns-repeated="126" table:style-name="ACE-0"/>
        </table:table-row>
        <table:table-row table:style-name="AROW-0" table:number-rows-repeated="115">
          <table:table-cell table:number-columns-repeated="128"/>
        </table:table-row>
        <table:named-expressions>
          <table:named-expression table:name="Sheet_Title" table:expression="of:=&quot;Sheet1&quot;" table:base-cell-address="$'Sheet1'.$A$1"/>
          <table:named-expression table:name="Print_Area" table:expression="of:=#REF!" table:base-cell-address="$'Sheet1'.$A$1"/>
        </table:named-expressions>
        <gnm:selections gnm:cursor-col="1" gnm:cursor-row="13">
          <gnm:selection gnm:start-col="1" gnm:start-row="13" gnm:end-col="1" gnm:end-row="13"/>
        </gnm:selections>
      </table:table>
      <table:named-expressions/>
    </office:spreadsheet>
  </office:body>
</office:document-content>
