<?xml version="1.0" encoding="UTF-8"?>
<office:document-meta xmlns:office="urn:oasis:names:tc:opendocument:xmlns:office:1.0" xmlns:xlink="http://www.w3.org/1999/xlink" xmlns:dc="http://purl.org/dc/elements/1.1/" xmlns:meta="urn:oasis:names:tc:opendocument:xmlns:meta:1.0" xmlns:ooo="http://openoffice.org/2004/office" office:version="1.2">
  <office:meta>
    <dc:date>2021-03-27T22:47:40Z</dc:date>
    <meta:creation-date>2021-03-27T19:18:10Z</meta:creation-date>
    <meta:editing-cycles>2</meta:editing-cycles>
    <meta:editing-duration>PT3M57S</meta:editing-duration>
    <meta:generator>gnumeric/1.12.48</meta:generator>
  </office:meta>
</office:document-meta>
