<?xml version="1.0" encoding="UTF-8"?>
<office:document-styles xmlns:office="urn:oasis:names:tc:opendocument:xmlns:office:1.0" xmlns:style="urn:oasis:names:tc:opendocument:xmlns:style:1.0" xmlns:text="urn:oasis:names:tc:opendocument:xmlns:text:1.0" xmlns:table="urn:oasis:names:tc:opendocument:xmlns:table:1.0" xmlns:draw="urn:oasis:names:tc:opendocument:xmlns:drawing:1.0" xmlns:fo="urn:oasis:names:tc:opendocument:xmlns:xsl-fo-compatible:1.0" xmlns:xlink="http://www.w3.org/1999/xlink" xmlns:dc="http://purl.org/dc/elements/1.1/" xmlns:meta="urn:oasis:names:tc:opendocument:xmlns:meta:1.0" xmlns:number="urn:oasis:names:tc:opendocument:xmlns:datastyle:1.0" xmlns:svg="urn:oasis:names:tc:opendocument:xmlns:svg-compatible:1.0" xmlns:chart="urn:oasis:names:tc:opendocument:xmlns:chart:1.0" xmlns:dr3d="urn:oasis:names:tc:opendocument:xmlns:dr3d:1.0" xmlns:config="urn:oasis:names:tc:opendocument:xmlns:config:1.0" xmlns:math="http://www.w3.org/1998/Math/MathML" xmlns:form="urn:oasis:names:tc:opendocument:xmlns:form:1.0" xmlns:script="urn:oasis:names:tc:opendocument:xmlns:script:1.0" xmlns:ooo="http://openoffice.org/2004/office" xmlns:ooow="http://openoffice.org/2004/writer" xmlns:oooc="http://openoffice.org/2004/calc" xmlns:tableooo="http://openoffice.org/2009/table" xmlns:of="urn:oasis:names:tc:opendocument:xmlns:of:1.2" xmlns:dom="http://www.w3.org/2001/xml-events" xmlns:xforms="http://www.w3.org/2002/xforms" xmlns:xsd="http://www.w3.org/2001/XMLSchema" xmlns:xsi="http://www.w3.org/2001/XMLSchema-instance" xmlns:gnm="http://www.gnumeric.org/odf-extension/1.0" xmlns:css3t="http://www.w3.org/TR/css3-text/" xmlns:loext="urn:org:documentfoundation:names:experimental:office:xmlns:loext:1.0" xmlns:calcext="urn:org:documentfoundation:names:experimental:calc:xmlns:calcext:1.0" office:version="1.2">
  <office:styles><number:currency-style style:name="ND-0-0"><number:currency-symbol>$</number:currency-symbol><number:number number:decimal-places="2" number:grouping="true" number:min-integer-digits="1"/></number:currency-style><number:number-style style:name="ND-0"><style:text-properties fo:color="#FF0000"/><number:text>-$</number:text><number:number number:decimal-places="2" number:grouping="true" number:min-integer-digits="1"/><style:map style:condition="value()&gt;=0" style:apply-style-name="ND-0-0"/></number:number-style><number:time-style style:name="ND-1" number:format-source="fixed"><number:hours number:style="long" gnm:truncate-on-overflow="true"/><number:text>:</number:text><number:minutes number:style="long" gnm:truncate-on-overflow="true"/><number:text>:</number:text><number:seconds number:style="long" number:decimal-places="0" gnm:truncate-on-overflow="true"/><number:text> </number:text><number:am-pm gnm:am-suffix="AM" gnm:pm-suffix="PM"/></number:time-style><number:date-style style:name="ND-2" number:format-source="fixed"><number:day number:style="long"/><number:text>/</number:text><number:month number:possessive-form="false" number:textual="false" number:style="long"/><number:text>/</number:text><number:year number:style="long" number:calendar="gregorian"/></number:date-style><number:date-style style:name="ND-3" number:format-source="fixed"><number:month number:possessive-form="false" number:textual="false" number:style="long"/><number:text>/</number:text><number:day number:style="long"/><number:text>/</number:text><number:year number:style="short" number:calendar="gregorian"/></number:date-style>    <style:style style:name="Gnumeric-default" style:family="table-cell" style:data-style-name="General">
      <style:table-cell-properties fo:background-color="transparent" gnm:background-colour="#ffffff" gnm:pattern-colour="#000000" gnm:pattern="0" fo:border-top="0.000cm none #c7c7c7" fo:border-bottom="0.000cm none #c7c7c7" fo:border-left="0.000cm none #c7c7c7" fo:border-right="0.000cm none #c7c7c7" style:diagonal-bl-tr="0.000cm none #c7c7c7" style:diagonal-tl-br="0.000cm none #c7c7c7" style:vertical-align="bottom" fo:wrap-option="no-wrap" style:shrink-to-fit="false" style:writing-mode="page" style:glyph-orientation-vertical="auto" style:cell-protect="protected" style:rotation-align="none" style:rotation-angle="0" style:print-content="true" style:decimal-places="13" style:text-align-source="value-type" style:repeat-content="false"/>
      <style:paragraph-properties style:writing-mode-automatic="true" gnm:GnmHAlign="1" fo:margin-left="0pt"/>
      <style:text-properties text:display="true" fo:font-weight="normal" fo:font-style="normal" style:text-line-through-type="none" style:text-line-through-style="none" style:text-underline-type="none" style:text-underline-style="none" style:text-underline-width="auto" style:text-underline-color="font-color" style:text-underline-mode="continuous" style:text-position="0% 100%" fo:font-size="10pt" fo:color="#000000" fo:font-family="Sans"/>
    </style:style>
    <style:default-style style:family="table-cell">
      <style:table-cell-properties fo:background-color="transparent" gnm:background-colour="#ffffff" gnm:pattern-colour="#000000" gnm:pattern="0" fo:border-top="0.000cm none #c7c7c7" fo:border-bottom="0.000cm none #c7c7c7" fo:border-left="0.000cm none #c7c7c7" fo:border-right="0.000cm none #c7c7c7" style:diagonal-bl-tr="0.000cm none #c7c7c7" style:diagonal-tl-br="0.000cm none #c7c7c7" style:vertical-align="bottom" fo:wrap-option="no-wrap" style:shrink-to-fit="false" style:writing-mode="page" style:glyph-orientation-vertical="auto" style:cell-protect="protected" style:rotation-align="none" style:rotation-angle="0" style:print-content="true" style:decimal-places="13" style:text-align-source="value-type" style:repeat-content="false"/>
      <style:paragraph-properties style:writing-mode-automatic="true" gnm:GnmHAlign="1" fo:margin-left="0pt"/>
      <style:text-properties text:display="true" fo:font-weight="normal" fo:font-style="normal" style:text-line-through-type="none" style:text-line-through-style="none" style:text-underline-type="none" style:text-underline-style="none" style:text-underline-width="auto" style:text-underline-color="font-color" style:text-underline-mode="continuous" style:text-position="0% 100%" fo:font-size="10pt" fo:color="#000000" fo:font-family="Sans"/>
    </style:default-style>
    <style:default-style style:family="table-column">
      <style:table-column-properties style:column-width="47.988pt" style:use-optimal-column-width="true"/>
    </style:default-style>
    <style:default-style style:family="table-row">
      <style:table-row-properties style:row-height="12.75pt" style:use-optimal-row-height="true"/>
    </style:default-style>
  </office:styles>
  <office:automatic-styles>
    <style:page-layout style:name="pl-0" style:page-usage="all">
      <style:page-layout-properties fo:margin-top="72pt" fo:margin-bottom="72pt" fo:margin-left="72pt" fo:margin-right="72pt" fo:page-width="611.9999826986959pt" fo:page-height="791.9999826986959pt" style:table-centering="none" style:print-page-order="ttb" style:writing-mode="lr-tb" style:print-orientation="portrait" style:print="charts drawings objects annotations" style:scale-to="100.00%" gnm:style-print=""/>
      <style:header-style>
        <style:header-footer-properties fo:border="none" style:shadow="none" fo:padding="0pt" fo:margin="0pt" fo:min-height="21.2616pt" svg:height="21.2616pt" style:dynamic-spacing="true"/>
      </style:header-style>
      <style:footer-style>
        <style:header-footer-properties fo:border="none" style:shadow="none" fo:padding="0pt" fo:margin="0pt" fo:min-height="21.2616pt" svg:height="21.2616pt" style:dynamic-spacing="true"/>
      </style:footer-style>
    </style:page-layout>
  </office:automatic-styles>
  <office:master-styles>
    <style:master-page style:name="ta-mp-0" style:display-name="Sheet1" style:page-layout-name="pl-0">
      <style:header style:display="true">
        <style:region-left><text:p/></style:region-left>
        <style:region-center><text:p><text:sheet-name/></text:p></style:region-center>
        <style:region-right><text:p/></style:region-right>
      </style:header>
      <style:footer style:display="true">
        <style:region-left><text:p/></style:region-left>
        <style:region-center><text:p><text:span>Page </text:span><text:page-number style:num-format="1"/></text:p></style:region-center>
        <style:region-right><text:p/></style:region-right>
      </style:footer>
    </style:master-page>
  </office:master-styles>
</office:document-styles>
