<?xml version="1.0" encoding="UTF-8"?>
<worksheet xmlns="http://schemas.openxmlformats.org/spreadsheetml/2006/main" xmlns:r="http://schemas.openxmlformats.org/officeDocument/2006/relationships">
  <sheetPr>
    <pageSetUpPr fitToPage="0"/>
  </sheetPr>
  <dimension ref="A1"/>
  <sheetViews>
    <sheetView workbookViewId="0">
      <selection activeCell="A1" sqref="A1"/>
    </sheetView>
  </sheetViews>
  <sheetFormatPr defaultRowHeight="12.75"/>
  <cols>
    <col min="1" max="16384" style="0"/>
  </cols>
  <sheetData/>
  <sheetProtection formatCells="0" formatColumns="0" formatRows="0" insertColumns="0" insertRows="0" insertHyperlinks="0" deleteColumns="0" deleteRows="0" selectLockedCells="1" sort="0" autoFilter="0" pivotTables="0" selectUnlockedCells="1"/>
  <printOptions/>
  <pageMargins left="1" right="1" top="1.667" bottom="1.667" header="1" footer="1"/>
  <pageSetup blackAndWhite="0" cellComments="asDisplayed" draft="0" errors="displayed" orientation="portrait" pageOrder="downThenOver" paperSize="9" scale="100" useFirstPageNumber="0"/>
  <headerFooter>
    <oddHeader></oddHeader>
    <oddFooter>&amp;CPage </oddFooter>
  </headerFooter>
</worksheet>
